{
    "test_auto_eval": {
        "0.html": [
            0.5592160638264073,
            0.007760330762910921,
            1.0,
            0.96888397642015,
            0.01488286081829926,
            0.8045531511306763
        ],
        "1.html": [
            0.7975710876975688,
            0.8355514746148911,
            1.0,
            0.6239786825407653,
            0.7752869941694067,
            0.7530382871627808
        ],
        "2.html": [
            0.9999999880790711,
            1.0,
            1.0,
            1.0,
            1.0,
            0.9999999403953552
        ]
    }
}